mF,M
0.0015243455824429297,80569345.91174512
0.0016186668920260964,78185813.84767744
0.0017188232140892736,75872795.28206328
0.0018251753328646899,73628204.19256754
0.001938106771292145,71450016.18286695
0.0020580243605705004,69336266.81183752
0.0021853598297414813,67285049.8002909
0.0023205718463848125,65294515.21845678
0.0024641475860517122,63362867.8115903
0.0026166042357465063,61488365.5057816
0.002778490936231099,59669317.75868722
0.0029503906666674714,57904084.01751051
0.003132922377705921,56191072.25435134
0.003326743675633345,54528737.563094445
0.0035325526091767568,52915580.73559307
0.0037510901314466924,51350146.90918587
0.003983143056800313,49831024.26363081
0.004229546916358017,48356842.749102674
0.00449118876986049,46926272.843065925
0.004769010398647728,45538024.3561442
0.005064011944327138,44190845.26969704
0.005377255216299381,42883520.60287174
0.005709867452292322,41614871.31594306
0.006063045755745816,40383753.25305062
0.006438061091069584,39189056.10597596
0.006836262701320719,38029702.411056854
0.007259083275619519,36904646.581504464
0.007708044044635114,35812873.963995956
0.008184759950799371,34753399.92043794
0.008690945562867222,33725268.94129429
0.009228421570894011,32727553.787080098
0.009799120847760148,31759354.648101408
0.010405095266146356,30819798.332504403
0.011048523764877178,29908037.48327747
0.011731719604641942,29023249.810837094
0.01245713840644303,28164637.350144275
0.013227387495088023,27331425.74401883
0.014045235167031059,26522863.54448449
0.014913620099439827,25738221.532720346
0.015835662078058695,24976792.062383436
0.01681467382258331,24237888.42383278
0.017854171926398682,23520844.221811045
0.018957889258207065,22825012.774126243
0.020129789501077862,22149766.53172045
0.02137408041536017,21494496.510381877
0.022695228435960668,20858611.740569916
0.024097975594099492,20241538.736652385
0.02558735627771799,19642720.979401514
0.027168714311816146,19061618.41241306
0.028847722456049434,18497706.955845635
0.030630403750292495,17950478.035406888
0.03252315134294568,17419438.121540204
0.0345327510938881,16904108.284168333
0.0366664076141618,16404023.763137192
0.03893176845764089,15918733.547280166
0.04133695056032384,15447799.967004932
0.0438905710782692,14990798.301346293
0.046601777409114115,14547316.394491524
0.04948027811921878,14116954.282908874
0.05253637836427364,13699323.835323095
0.055781018159523646,13294048.40375843
0.05922580848525365,12900762.482281046
0.06288307228132271,12519111.377325233
0.06676589122254252,12148750.889477622
0.07088814948687647,11789347.00174269
0.07526458142582648,11440575.577805394
0.07991082775816563,11102122.0712026
0.08484348914159694,10773681.24110952
0.0900801823885862,10454956.876275826
0.09563960413625949,10145661.528380329
0.10154159844959948,9845516.25331496
0.1078072238711525,9554250.358819554
0.11445882875749565,9271601.16066818
0.1215201313242719,8997313.746117504
0.12901629997305122,8731140.743364275
0.1369740430208046,8472842.098725824
0.1454217042138578,8222184.860488448
0.1543893585102591,7978942.96822202
0.1639089188830029,7742897.04914088
0.17401425023697686,7513834.220593652
0.18474128356596867,7291547.8975239955
0.19612814302364928,7075837.606361847
0.20821528171125092,6866508.804545622
0.22104561769186798,6663372.704567546
0.2346646850992764,6466246.103885203
0.24912079588415414,6274951.220007873
0.26446520180911204,6089315.529697404
0.2807522740514242,5909171.613521883
0.29803969576106565,5734357.00516272
0.31638865487010703,5564714.044466803
0.3358640574390818,5400089.7353810575
0.3565347566914519,5240335.6082544355
0.3784737824452564,5085307.585547785
0.40175859437843847,4934865.851998191
0.4264713542497771,4788874.728794266
0.4526991986796119,4647202.550854418
0.48053453960435977,4509721.548167509
0.5100753875493385,4376307.7308180155
0.5414256757590078,4246840.7768357955
0.5746956163600837,4121203.923751623
0.6100020837953102,3999283.863535786
0.6474689997925552,3880970.6401095395
0.6872277552045492,3766157.5502356226
0.729417664471507,3654741.047515832
0.7741864222303455,3546620.648731537
0.8216906025201673,3441698.843266143
0.872096196599046,3339881.005379817
0.9255791544037812,3241075.3086191746
0.9823259746813516,3145192.643036774
1.0425343407050032,3052146.5350295864
1.1064137614500318,2961853.069122459
1.174186268453946,2874230.8123139073
1.24608716638591,2789200.7408255823
1.3223657913531492,2706686.1686248453
1.4032863328787373,2626612.678283026
1.48912871803021,2548908.054040269
1.5801895079643813,2473502.216486421
1.6767828660025,2400327.1593715376
1.7792415983156358,2329316.8884410877
1.8879182109613462,2260407.3617451293
2.003186048599918,2193536.4318883545
2.12544051618872,2128643.7901384416
2.2551003250392108,2065670.9118783425
2.3926088299633603,2004561.003827966
2.538435460462071,1945258.9529705814
2.693077186434188,1887711.2767056588
2.8570600852182735,1831866.074613969
3.03094101626067,1777672.9817868054
3.215309340145792,1725083.1232742155
3.410788752322401,1674049.0700026203
3.6180392333521922,1624524.7961274283
3.8377590660944847,1576465.6374064877
4.0706869753353105,1529828.2509128079
4.317604398385666,1484570.5760627165
4.579337838375613,1440651.7965776015
4.856761355776012,1398032.3036649255
5.150799200209067,1356673.6604062915
5.462428555309025,1316538.5669965008
5.792682432662905,1277590.8270942152
6.14265270802193,1239795.315280698
6.513493314691713,1203117.9452944263
6.906423591133123,1167525.6392799255
7.322731784186537,1132986.298046991
7.763778737056041,1099468.7720478214
8.231001754173041,1066942.8332711423
8.725918603361077,1035379.1480741741
9.250131785772869,1004749.2506517129
9.805332970347324,975025.5173567899
10.393307586291503,946181.141847153
11.015939696941487,918190.1108696628
11.675217052745477,891027.180806954
12.37323634942534,864667.8549377696
13.112208786560856,839088.3613081889
13.894465770294834,814265.6313211132
14.722464910658578,790177.2789329744
15.598796318437289,766801.5804408988
16.52618900933005,744117.4549293513
17.507517720088952,722104.4452367155
18.54580993733706,700742.6995036106
19.644253082777134,680012.9532991865
20.80620219552644,659896.5122197301
22.03518769090351,640375.2350443852
23.33492341040073,621431.5173873506
24.709315164875843,603048.2757987233
26.16246922826576,585208.9323847388
27.69870133372181,567897.399850818
29.322545978743694,551098.0669842282
31.038765617380758,534795.7846051863
32.85236065984651,518975.8518851978
34.76857943149771,503624.003094743
36.79292825445432,488726.3947526104
38.93118209888157,474269.5931318699
41.189395103550254,460240.56215963943
43.573911590747606,446626.6516558706
46.091377068678135,433415.5859311291
48.74874940012678,420595.4527230176
51.55331035731086,408154.6924492263
54.51267683502055,396082.08779641724
57.634812603624354,384366.75359915895
60.92803973866993,372998.1270321859
64.4010501974784,361965.95808838157
68.06291744428108,351260.30033467984
71.92310737485775,340871.5019522851
75.99149017879333,330790.19703067385
80.27835086986207,321007.2971279215
84.79440018032466,311513.983077731
89.55078484417878,302301.6970390092
94.55909679059702,293362.1347823339
99.83138356061474,284687.23820404056
105.38015612982949,276269.18806229
111.21839689422458,268100.39692824666
117.35956732891799,260173.50234645722
123.81761352358498,252481.36019710923
130.6069702566897,245017.0382547255
137.74256529373355,237773.80993817525
145.23982270598114,230745.14824585442
153.11466296659768,223924.71986951097
161.38350073389748,217306.37948169766
170.06324249339244,210884.16419306683
179.17128243527316,204652.28817339113
188.72549385208058,198605.13743049256
198.74421993951097,192737.2647438222
209.24626460756446,187043.38474905808
220.2508736769608,181518.36916386185
231.77771051312448,176157.24215295885
243.84684244081112,170955.17583631462
256.4787216360455,165907.48592861503
269.694146394983,161009.62749814874
283.5142230051982,156257.19085216464
297.9603355329492,151645.89754868808
313.05410670273363,147171.5965223489
328.8173526982798,142830.2603224322
345.272026089576,138617.98145626724
362.4401573335763,134530.96884035572
380.3437938026936,130565.54435555138
399.0049382428898,126718.13950388048
418.44547349732704,122985.29215714047
438.6870888959397,119363.64340547801
459.75118730235874,115849.93448181581
481.65879465378896,112441.00378187292
504.4304731909027,109133.78397677347
528.0862125291854,105925.29919284515
552.6453240117261,102812.66227801122
578.1263329597388,99793.07214738872
604.5468528197044,96863.81119205881
631.9234694793792,94022.24277208628
660.2716131195136,91265.80877177941
689.6054228925361,88592.0272188938
719.937620750403,85998.48998125865
751.2793699426401,83482.86051207891
783.640137607206,81042.87166338316
817.0275592796571,78676.32356312238
851.4472991381356,76381.08153751655
886.9029133455285,74155.07410144329
923.395717938479,71996.29099815308
960.924664018091,69902.78128746955
999.4862063046309,67872.65149639142
1039.0741977769358,65904.06380980674
1079.6797847875864,63995.23431433926
1121.2913002576192,62144.43129372687
1163.8942032853658,60349.97356553026
1207.4709989610046,58610.2288683711
1252.0011873254107,56923.61229441112
1297.4612546405826,55288.58476668593
1343.8246318802417,53703.65155922114
1391.0617265353007,52167.36086524866
1439.1399608079698,50678.302407587646
1488.0238050004155,49235.106088261135
1537.6748852917403,47836.440690184485
1588.0520792461546,46481.01261325476
1639.1116415401877,45167.564654838476
1690.8073743195755,43894.874840671786
1743.090797033166,42661.75528259525
1795.911349986196,41467.05109139474
1849.2166169171007,40309.63932800948
1902.952574804764,39188.42798886992
1957.0638380510488,38102.355040894035
2011.4939329555577,37050.38748803533
2066.1855826839806,36031.520477473976
2121.080977083502,35044.776452861646
2176.122104992375,34089.20434242129
2231.251016832214,33163.87877362692
2286.4100960848873,32267.899327137027
2341.5423498392106,31400.389819651697
2396.591679889185,30560.49763460565
2451.5031501071767,29747.393076950648
2506.2232414099362,28960.26875728785
2560.700027663121,28198.338986812778
2614.8833795529763,27460.839210195893
2668.72518211929,26747.025489063883
2722.179466603238,26056.17396673822
2775.2025410649967,25387.580363699784
2827.753102830034,24740.559520086925
2879.79232586746,24114.44493593969
2931.2839273230165,23508.588313245
2982.1942069750894,22922.359134292736
3032.492048090785,22355.144261640362
3082.148941591331,21806.347525638896
3131.1389699104657,21275.389332297887
3179.438754590585,20761.706304595442
3227.027417059198,20264.75090136749
3273.886531310368,19783.991053204078
3320.000024281329,19318.90981632185
3365.354085223072,18869.005030753364
3409.937114223897,18433.788979143217
3453.7396156444092,18012.788056398043
3496.7540976643695,17605.54244957052
3538.9749570578856,17211.605813278147
3580.398387522412,16830.54495468711
3621.022228907815,16461.939526863403
3660.845889698418,16105.381722962346
3699.8702569626184,15760.47597549444
3738.0975853970767,15426.83866154649
3775.5313863869196,15104.097811204618
3812.1763226609146,14791.892820329576
3848.0381159861,14489.874169201054
3883.123451078668,14197.70314421548
3917.43988510331,13915.051563743995
3950.995774021207,13641.601507161493
3983.8001787230905,13377.045050344448
4015.8627835197435,13121.084004192286
4047.1938363802938,12873.429657782168
4077.804079830169,12633.802525518888
4107.704674408554,12401.932098384263
4136.907137446802,12177.556599922396
4165.423307992396,11960.422746193868
4193.265277156216,11750.285510620595
4220.445334550683,11546.907892315761
4246.97593390465,11350.060690377839
4272.869656972101,11159.522281931471
4298.139162365799,10975.078402839797
4322.797149429092,10796.52194085786
4346.856340748637,10623.652703087999
4370.329444395166,10456.27722877393
4393.229126125546,10294.20860608286
4415.567986563164,10137.266257086867
4437.358539322339,9985.27570001854
4458.613193927725,9838.068428100987
4479.344232528978,9695.481705912782
4499.563810785577,9557.35841375045
4519.283934503695,9423.546847442314
4538.516439251599,9293.900522718934
4557.272981976452,9168.278011315175
4575.565050868186,9046.542852862382
4593.403937104405,8928.563306590584
4610.800732642561,8814.212216949072
4627.766337001935,8703.366924426828
4644.311439763324,8595.909044691896
4660.4465181873675,8491.72433059717
4676.181845598318,8390.702605070826
4691.527478950597,8292.737548938918
4706.493258691971,8197.726575500008
4721.088815992999,8105.57077074147
4735.323565487213,8016.1746954974005
4749.20670658482,7929.446270657689
4762.747230121448,7845.296731571459
4775.953914566911,7763.640439285844
4788.835328341987,7684.3947756855605
4801.399835047269,7607.4800804652805
4813.655593242447,7532.819501682114
4825.610559478341,7460.338901294614
4837.272493722727,7389.966844703823
4848.648960097032,7321.634410525836
4859.747330047381,7255.275069177245
4870.574786536453,7190.824676352708
4881.138327816276,7128.221406548105
4891.4447706167475,7067.405594278569
4901.500754192931,7008.319634071289
4911.312743101642,6950.908025963686
4920.88703167044,6895.117228007246
4930.229748298629,6840.895550748434
4939.346858899445,6788.193109728475
4948.244169161752,6736.961832476547
4956.927330080072,6687.155314657866
4965.401842543321,6638.72873388577
4973.673058591694,6591.638868443827
4981.746185623468,6545.844024734929
4989.626291528883,6501.303937437331
4997.318308670594,6457.979708368969
5004.827034027393,6415.833838408986
5012.1571351846815,6374.830117610056
5019.313154721577,6334.933556918976
5026.299512255715,6296.110369952755
5033.120506051342,6258.327963664629
5039.780318788707,6221.554844368444
5046.2830215949725,6185.760561484621
5052.632573737635,6150.915730494602
5058.832827095252,6116.991968839845
5064.887530456045,6083.961835647447
5070.800332362346,6051.798797815989
5076.574780840684,6020.47724631262
5082.2143288061425,5989.972420986942
5087.722337659844,5960.2603654352815
5093.102077893104,5931.3179273780715
5098.356730897624,5903.122740862279
5103.4893936247,5875.653165557741
5108.503081241127,5848.88825651929
5113.400727401867,5822.8077685517665
5118.185187568223,5797.3921163688565
5122.859242145708,5772.622338286367
5127.425598114762,5748.480080406341
5131.886887832907,5724.94761778717
5136.2456747916995,5702.007784673867
5140.504455613321,5679.643953958043
5144.665663537117,5657.839998526564
5148.731665083578,5636.5803365690645
5152.704764010846,5615.849887143115
5156.587204553799,5595.634034568111
5160.381173738769,5575.91860478688
5164.088801935287,5556.689862250092
5167.712161555878,5537.9345283596695
5171.253271936014,5519.6397279680405
5174.714100856191,5501.792975030336
5178.096567052689,5484.382147253367
5181.402537455772,5467.395519753429
5184.633830854917,5450.8217267848495
5187.792219996541,5434.649741011544
5190.879433531804,5418.868854994561
5193.897155768062,5403.468685886063
5196.847026494193,5388.439179342611
5199.730644434352,5373.770575101151
5202.549568446092,5359.453396455568
5205.305319289476,5345.478433892691
5207.999377238914,5331.836771330697
5210.633185438923,5318.5197534956615
5213.208151315524,5305.518973223228
5215.725647912373,5292.826259649972
5218.187013692508,5280.433681777152
5220.593553204706,5268.333543372362
5222.946538872038,5256.518366628054
5225.247212130177,5244.980882569868
5227.496784707467,5233.714020131928
5229.696435793151,5222.710933914476
5231.84731580038,5211.964969900834
5233.950547411744,5201.469656739121
5236.007226183029,5191.218701181251
5238.018422680709,5181.205969713168
5239.985179990177,5171.4255118639
5241.908514444649,5161.871554517816
5243.789418198838,5152.538479617748
5245.628859740773,5143.420820431765
5247.427784829549,5134.513254113625
5249.187117436282,5125.810594235361
5250.9077570015515,5117.307815372126
5252.590581523159,5109.000026954243
5254.236448307644,5100.882467448255
5255.846194418774,5092.950501178817
5257.42063825138,5085.199605805557
5258.960577523115,5077.625389546181
5260.466790165177,5070.223584326042
5261.940035991812,5062.990032460497
5263.381057075681,5055.92068408405
5264.790578509536,5049.011591470462
5266.169308935439,5042.2589052235735
5267.51793855229,5035.6588907635105
5268.837141507548,5029.207909527651
5270.127576403858,5022.90241534342
5271.389886629612,5016.73895221988
5272.624701258244,5010.714147647322
5273.832634032089,5004.824721025561
5275.0142840703365,4999.067478474777
5276.170236729198,4993.439306444156
5277.301063888692,4987.937169849257
5278.407324716867,4982.558106656375
5279.489565911471,4977.299226355691
5280.548319650987,4972.157725480782
5281.584106034264,4967.130869724959
5282.597433457303,4962.215991408905
5283.588798838853,4957.4104880733785
5284.55868784823,4952.711821055955
5285.507576268685,4948.117505897775
5286.43592810139,4943.625126200713
5287.344195680108,4939.232333018271
5288.232821269992,4934.936833568351
5289.1022372576435,4930.73639008173
5289.952866341158,4926.628818650529
5290.785121894478,4922.611986876136
5291.599408937503,4918.6838073447
5292.3961217091455,4914.842254501146
5293.175645366159,4911.085353105371
5293.938356550615,4907.411174481059
5294.684623550215,4903.817835568986
5295.4148064586025,4900.303497980316
5296.129257864971,4896.8663635222765
5296.828322580307,4893.504676144436
5297.512336359894,4890.216730574697
5298.181627581863,4887.000861253851
5298.836517423775,4883.855441280464
5299.477319996065,4880.778881643265
5300.104342489539,4877.769630360842
5300.717885789219,4874.826168547645
5301.318243537743,4871.947016699222
5301.905702562944,4869.130731985947
5302.480543400351,4866.375904920954
5303.04304041278,4863.681158683879
5303.593461909913,4861.045148444587
5304.132070546388,4858.4665589569895
5304.659123882885,4855.944101140397
5305.174872149788,4853.476526036972
5305.679560009851,4851.062613929501
5306.173426881262,4848.70117240125
5306.6567070287165,4846.3910358367575
5307.129629654503,4844.131064922611
5307.592418989578,4841.920146148232
5308.0452945726465,4839.757190173012
5308.4884721426315,4837.641126494599
5308.922161144415,4835.570918539619
5309.346566220244,4833.545554720316
5309.761887650683,4831.564045825528
5310.168321429844,4829.625424617077
5310.566059340608,4827.728745426161
5310.955289029855,4825.873083749745
5311.336194172006,4824.05753533304
5311.708955351075,4822.2812110715
5312.073748031513,4820.543248851303
5312.430743546383,4818.842807833847
5312.780109597699,4817.179065578657
5313.122010318558,4815.551217715966
5313.456606335266,4813.958477619292
5313.784054829475,4812.400076078013
5314.104509635664,4810.875260769981
5314.418122083747,4809.383291519401
5314.725039324303,4807.923449794022
5315.025404900708,4806.495035492892
5315.319359339011,4805.09736363386
5315.607040198332,4803.7297640925
5315.888582121266,4802.391581341014
5316.164116884289,4801.082174187156
5316.433773452321,4799.800915489684
5316.697678394933,4798.547189837741
5316.955955235054,4797.320397240468
5317.208724551535,4796.119952572261
5317.456104365699,4794.945283419082
5317.698210186117,4793.795829849039
5317.935155053392,4792.671044182968
5318.167049584932,4791.570390765019
5318.3940020197315,4790.493345733232
5318.61611895904,4789.4393930486085
5318.8335043056495,4788.408030209444
5319.046258900546,4787.398770216261
5319.254481510114,4786.411136275333
5319.458268858666,4785.444661635144
5319.657715660954,4784.498889422917
5319.852914654682,4783.57337248114
5320.043956633022,4782.667673204082
5320.230930477128,4781.781363374328
5320.413923188646,4780.914023999296
5320.593020561306,4780.06524178156
5320.7683064361345,4779.234613049657
5320.939861904946,4778.421747961313
5321.107766391609,4777.626264815862
5321.272097682092,4776.847789903791
5321.432931950479,4776.085957377477
5321.590343784987,4775.340409121927
5321.74440621399,4774.610794625509
5321.895190732031,4773.896770850694
5322.04276732584,4773.198002104796
5322.187204949841,4772.514157593657
5322.328571142699,4771.844913403142
5322.466931151598,4771.189957018309
5322.602348876988,4770.54898245816
5322.734886905772,4769.921690109402
5322.864606532087,4769.3077866242265
5322.991567778068,4768.706984818087
5323.115829414625,4768.11900356748
5323.237448982215,4767.543567707724
5323.356482811614,4766.980407930733
5323.472986372218,4766.429259021768
5323.587014115753,4765.889860655158
5323.698618562378,4765.361962032218
5323.807851141304,4764.845317621202
5323.914762230544,4764.339686958878
5324.0194011732365,4763.844834570815
5324.121816293986,4763.360529891692
5324.22205491519,4762.886547185591
5324.320163373374,4762.422665466297
5324.416187035521,4761.968668417599
5324.510170464175,4761.52434356368
5324.602157421377,4761.089482251908
5324.692190307242,4760.663882485413
5324.780310627172,4760.247346570586
5324.866559028068,4759.839680937269
5324.95097531227,4759.440696071021
5325.033598451524,4759.050206445391
5325.114466600933,4758.668030454195
5325.193617112918,4758.293990343778
5325.271086551172,4757.927912145294
5325.346910924878,4757.569624519117
5325.421125811301,4757.218958150586
5325.493765233314,4756.875751295014
5325.564862475708,4756.53984574719
5325.634450156648,4756.211086489668
5325.702560237425,4755.889321645824
5325.7692240322,4755.574402432918
5325.834472217753,4755.2661831151445
5325.89833484323,4754.964520956697
5325.960841339895,4754.669276174821
5326.022020530874,4754.3803118928745
5326.081900640905,4754.097494093387
5326.14050941123,4753.820691056438
5326.197874517712,4753.549771313807
5326.254022334052,4753.284609703657
5326.308978561215,4753.025084290339
5326.3627683856885,4752.771075590491
5326.415416487017,4752.522466536968
5326.46694704532,4752.279142442778
5326.517383748824,4752.040990965012
5326.5667498013845,4751.8079020687765
5326.615067930018,4751.5797679911275
5326.662360392422,4751.3564832050015
5326.708648984507,4751.1379443831465
5326.753955076055,4750.924050225659
5326.798300047639,4750.714699342191
5326.84170436946,4750.509794718228
5326.884187877257,4750.309242377868
5326.925770011152,4750.112950226343
5326.966469821388,4749.920828022573
5327.006305974082,4749.732787351734
5327.045296756969,4749.548741597818
5327.083460085149,4749.36860591619
5327.120813506835,4749.192297206156
5327.157374209097,4749.019734083518
5327.193159023608,4748.850836853144
5327.228184433715,4748.685527475166
5327.26246687169,4748.523728131466
5327.296022253306,4748.3653634709035
5327.328865905892,4748.210360956578
5327.3610128509745,4748.05864950283
5327.392477808746,4747.910159453993
5327.423275202518,4747.7648225631665
5327.453419163192,4747.622571970964
5327.482923533708,4747.48334218428
5327.511801873519,4747.347069055055
5327.540067463044,4747.213689759024
5327.56773330813,4747.083142774489
5327.59481214452,4746.955367861072
5327.621316424664,4746.830306112536
5327.647258336768,4746.707899874335
5327.672649845247,4746.588092571263
5327.697502660852,4746.470828830344
5327.721828244789,4746.356054461039
5327.745637813299,4746.2437164335315
5327.7689423422225,4746.1337628570145
5327.79175257158,4746.026142957977
5327.814079010147,4745.920807058491
5327.835931940022,4745.8177065545
5327.857321421207,4745.716793894103
5327.878257296178,4745.618022555843
5327.89874923293,4745.521346841803
5327.918806753603,4745.426721740108
5327.9384390389305,4745.334103866618
5327.957655066605,4745.243450799099
5327.976463626038,4745.15472100655
5327.994873322516,4745.067873829445
5328.0128925813715,4744.982869459984
5328.030529652152,4744.899668922341
5328.047792612782,4744.81823405291
5328.064689373734,4744.738527480551
5328.081227682192,4744.660512606839
5328.097415126221,4744.584153586313
5328.113259236369,4744.5094148445105
5328.128767869056,4744.436259259329
5328.143948054031,4744.3646536282995
5328.158806573255,4744.294565922588
5328.1733501030385,4744.22596461273
5328.187585216156,4744.158818658665
5328.2015183839385,4744.093097499752
5328.215155978393,4744.028771044805
5328.228504274298,4743.965809662114
5328.241569451309,4743.9041841694725
5328.254357596072,4743.843865824204
5328.266871374192,4743.784842088788
5328.279122379392,4743.727058130011
5328.291113931016,4743.67049831124
5328.302851386195,4743.615137341261
5328.314340014119,4743.560950344349
5328.325584996037,4743.5079128602765
5328.336591425258,4743.456000844305
5328.347364307151,4743.405190667193
5328.357908559143,4743.355459115191
5328.36822901072,4743.306783390041
5328.378330403428,4743.259141108982
5328.388217570207,4743.212509456162
5328.397895478014,4743.166864980971
5328.407368451623,4743.122187270854
5328.41664071507,4743.078456389295
5328.425716423581,4743.035652724754
5328.434599663572,4742.993756990669
5328.443294452645,4742.952750225448
5328.451804739594,4742.9126137924795
5328.460134404401,4742.873329380126
5328.468287258235,4742.834879001724
5328.476267043457,4742.797244995588
5328.48407751825,4742.760409623732
5328.491722403715,4742.724355322744
5328.499205175949,4742.689065689513
5328.506529245293,4742.654524631425
5328.513697959923,4742.620716349325
5328.520714605854,4742.587625337523
5328.527582406932,4742.555236383786
5328.534304524844,4742.52353456935
5328.540884059108,4742.49250526891
5328.54732404708,4742.462134150621
5328.553627463953,4742.432407176107
5328.559797114378,4742.4033111105355
5328.565835764351,4742.374832901916
5328.5717462640005,4742.346959103108
5328.5775313949725,4742.319676590191
5328.583193870199,4742.292972563521
5328.5887363339025,4742.266834547727
5328.594161361596,4742.24125039171
5328.599471460082,4742.2162082686455
5328.604669067452,4742.191696675981
5328.609756553087,4742.16770443544
5328.614736221933,4742.144220672843
5328.619610980396,4742.121231675026
5328.624383248549,4742.098726024323
5328.629054814101,4742.076695287795
5328.633627429064,4742.055131200982
5328.638102809742,4742.034025667905
5328.6424826367365,4742.0133707610585
5328.646768554947,4741.993158721418
5328.650962173569,4741.973381958437
5328.655065066093,4741.954033050045
5328.659094192716,4741.935031966887
5328.663028465924,4741.916478220401
5328.666879996239,4741.898314666026
5328.670650277084,4741.88053425953
5328.67434080188,4741.8631299566805
5328.677953064051,4741.8460947132435
5328.6814885570175,4741.829421484987
5328.684948774203,4741.813103227676
5328.688335209029,4741.797132897078
5328.691649354918,4741.781503448961
5328.6948928324,4741.766207239387
5328.698068046818,4741.751232921631
5328.701176440161,4741.736573694122
5328.704219221947,4741.72222385211
5328.707197601691,4741.708177690841
5328.710112788912,4741.694429505564
5328.712965993125,4741.680973591527
5328.71575842385,4741.667804243976
5328.718491290601,4741.654915758162
5328.721165802898,4741.642302429331
5328.723783362623,4741.629957645246
5328.726345848913,4741.617872542258
5328.7288543359,4741.606042054288
5328.731309813093,4741.594461514469
5328.733713269996,4741.583126255933
5328.73606569612,4741.572031611815
5328.738368080971,4741.561172915245
5328.740621414056,4741.550545499359
5328.742826684884,4741.540144697288
5328.744984882961,4741.529965842165
5328.747097328612,4741.520002706727
5328.7491656058355,4741.510247819996
5328.751190499958,4741.5006974781945
5328.7531727698415,4741.491348102363
5328.75511317435,4741.482196113541
5328.757012472347,4741.473237932769
5328.758871422694,4741.464469981086
5328.7606907842555,4741.455888679533
5328.762471315893,4741.44749044915
5328.7642137764715,4741.439271710976
5328.765918924853,4741.431228886051
5328.767587519901,4741.423358395416
5328.769220616415,4741.415655264383
5328.770819553875,4741.408113175633
5328.772384945739,4741.400729235981
5328.773917378204,4741.39350068081
5328.775417437468,4741.386424745502
5328.776885709726,4741.379498665439
5328.778322781179,4741.372719676005
5328.779729238022,4741.366085012582
5328.781105666453,4741.359591910551
5328.78245265267,4741.353237605296
5328.78377078287,4741.3470193322
5328.78506064325,4741.340934326644
5328.786323027236,4741.334978846749
5328.787558948025,4741.329148114214
5328.78876888887,4741.3234398499035
5328.789953310893,4741.3178518790355
5328.791112675216,4741.3123820268265
5328.792247442964,4741.3070281184955
5328.79335807526,4741.301787979261
5328.794445033225,4741.29665943434
5328.795508777986,4741.291640308951
5328.796549770663,4741.286728428313
5328.79756847238,4741.281921617642
5328.798565344259,4741.277217702158
5328.799541063576,4741.272613487864
5328.800496559122,4741.26810459477
5328.8014321835935,4741.263689359359
5328.802348263077,4741.259366243592
5328.803245123659,4741.255133709428
5328.804123091423,4741.25099021883
5328.804982492457,4741.246934233757
5328.805823652848,4741.2429642161715
5328.806646898678,4741.239078628032
5328.807452556036,4741.235275931301
5328.808240951006,4741.231554587937
5328.809012409675,4741.227913059904
5328.809767258129,4741.22434980916
5328.810505822454,4741.220863297667
5328.811228428734,4741.217451987386
5328.81193541583,4741.214114280053
5328.812627554567,4741.210846540783
5328.813305323366,4741.207646513328
5328.8139689557565,4741.204513096018
5328.814618685271,4741.201445187183
5328.815254745442,4741.198441685152
5328.815877369801,4741.195501488256
5328.8164867918795,4741.192623494825
5328.817083245211,4741.189806603188
5328.817666963326,4741.187049711676
5328.818238179757,4741.184351718619
5328.818797128036,4741.181711522347
5328.819344041694,4741.179128021188
5328.819879154265,4741.176600113476
5328.820402699281,4741.174126697537
5328.820914910271,4741.171706671702
5328.821416117681,4741.169338477445
5328.821906881279,4741.16701947519
5328.822387404714,4741.1647487041255
5328.822857857528,4741.162525364247
5328.82331840926,4741.160348655549
5328.823769229451,4741.158217778025
5328.824210487641,4741.156131931669
5328.82464235337,4741.154090316476
5328.82506499618,4741.152092132441
5328.825478585609,4741.150136579557
5328.825883291199,4741.148222857818
5328.82627928249,4741.14635016722
5328.826666729022,4741.144517707756
5328.827045800335,4741.142724679421
5328.82741666597,4741.140970282208
5328.827779496781,4741.139253709919
5328.828134709395,4741.137572998088
5328.828482616535,4741.135926671928
5328.828823329314,4741.134314206786
5328.8291569588455,4741.132735078011
5328.829483616241,4741.131188760948
5328.829803412616,4741.129674730945
5328.830116459081,4741.1281924633495
5328.830422866751,4741.126741433508
5328.830722746739,4741.125321116768
5328.831016210159,4741.123930988476
5328.8313033681225,4741.122570523979
5328.831584331743,4741.121239198626
5328.831859212135,4741.119936487764
5328.83212812041,4741.118661866737
5328.8323911676825,4741.117414810896
5328.832648465064,4741.116194795585
5328.832900123671,4741.115001296153
5328.833146254613,4741.113833787947
5328.833386969005,4741.112691746314
5328.833622507583,4741.1115740358655
5328.833853150459,4741.110479335697
5328.834078975893,4741.109407275938
5328.83430006044,4741.108357494767
5328.834516480653,4741.107329630365
5328.834728313086,4741.106323320911
5328.8349356342915,4741.105338204585
5328.8351385208225,4741.104373919566
5328.835337049233,4741.103430104034
5328.835531296077,4741.102506396169
5328.835721337907,4741.101602434151
5328.835907251276,4741.100717856159
5328.836089112738,4741.099852300373
5328.836266998846,4741.099005404972
5328.836440986154,4741.0981768081365
5328.836611151216,4741.097366148047
5328.836777570584,4741.096573062881
5328.836940320811,4741.09579719082
5328.837099478452,4741.095038170043
5328.837255203423,4741.094295246453
5328.837407780164,4741.093567080023
5328.837557263841,4741.092853409554
5328.837703696709,4741.092154034628
5328.837847121021,4741.0914687548275
5328.837987579029,4741.090797369733
5328.838125112988,4741.090139678929
5328.838259765149,4741.089495481994
5328.838391577766,4741.088864578513
5328.838520593092,4741.088246768066
5328.838646853379,4741.087641850236
5328.838770400882,4741.087049624605
5328.838891277852,4741.086469890754
5328.839009526543,4741.085902448266
5328.839125189208,4741.085347096723
5328.8392383081,4741.084803635706
5328.839348925472,4741.084271864797
5328.839457083577,4741.083751583579
5328.839562824668,4741.083242591633
5328.839666190997,4741.082744688542
5328.839767224819,4741.082257673887
5328.839865968386,4741.08178134725
5328.8399624639505,4741.081315508213
5328.8400567537665,4741.080859956359
5328.840148880086,4741.080414491269
5328.840238885163,4741.079978912525
5328.840326822651,4741.079552966144
5328.840412902489,4741.079135663927
5328.840497208257,4741.078726611299
5328.840579763688,4741.0783256948525
5328.840660592512,4741.077932801181
5328.840739718463,4741.077547816878
5328.840817165272,4741.077170628538
5328.840892956671,4741.076801122751
5328.840967116394,4741.076439186115
5328.84103966817,4741.07608470522
5328.841110635733,4741.07573756666
5328.841180042814,4741.07539765703
5328.841247913145,4741.075064862923
5328.841314270459,4741.074739070931
5328.841379138487,4741.074420167649
5328.841442540962,4741.074108039669
5328.841504501615,4741.073802573585
5328.841565044179,4741.073503655993
5328.841624192386,4741.073211173482
5328.841681969967,4741.072925012649
5328.841738400654,4741.072645060085
5328.841793508181,4741.072371202385
5328.841847316277,4741.072103326142
5328.841899848676,4741.071841317948
5328.84195112911,4741.071585064399
5328.8420011813105,4741.071334452087
5328.842050029009,4741.071089367606
5328.842097748939,4741.0708494503415
5328.842144438131,4741.0706142449735
5328.842190110798,4741.070383682511
5328.842234780351,4741.070157697689
5328.8422784602,4741.069936225235
5328.842321163758,4741.069719199885
5328.842362904437,4741.06950655637
5328.842403695648,4741.0692982294195
5328.842443550801,4741.069094153769
5328.84248248331,4741.068894264148
5328.842520506586,4741.06869849529
5328.84255763404,4741.068506781926
5328.842593879083,4741.068319058789
5328.8426292551285,4741.068135260611
5328.8426637755865,4741.0679553221225
5328.842697453869,4741.067779178056
5328.842730303387,4741.067606763146
5328.842762337554,4741.067438012122
5328.842793569779,4741.067272859716
5328.842824013475,4741.067111240661
5328.842853682054,4741.0669530896885
5328.842882588927,4741.0667983415315
5328.842910747505,4741.06664693092
5328.8429381712,4741.0664987925875
5328.8429648734245,4741.066353861266
5328.842990867589,4741.066212071688
5328.8430161746,4741.066073325255
5328.843040855336,4741.065937345618
5328.84306492738,4741.065804048958
5328.843088399102,4741.065673392423
5328.843111278874,4741.065545333166
5328.843133575065,4741.065419828335
5328.843155296045,4741.0652968350805
5328.843176450185,4741.065176310553
5328.843197045855,4741.065058211902
5328.843217091426,4741.064942496279
5328.843236595268,4741.064829120834
5328.843255565752,4741.064718042715
5328.843274011247,4741.064609219075
5328.843291940124,4741.064502607061
5328.843309360754,4741.064398163825
5328.843326281506,4741.064295846518
5328.843342710752,4741.064195612287
5328.843358656862,4741.064097418286
5328.843374128205,4741.064001221663
5328.843389133153,4741.063906979568
5328.843403680075,4741.063814649151
5328.843417777343,4741.063724187563
5328.843431433326,4741.063635551954
5328.843444656395,4741.063548699473
5328.84345745492,4741.063463587272
5328.843469837272,4741.0633801725
5328.843481811899,4741.063298411927
5328.843493408852,4741.0632181578085
5328.843504651408,4741.06313929517
5328.843515544918,4741.06306179577
5328.8435260947335,4741.062985631365
5328.843536306205,4741.062910773713
5328.843546184686,4741.062837194571
5328.843555735526,4741.062764865697
5328.843564964076,4741.062693758849
5328.843573875689,4741.062623845783
5328.843582475714,4741.062555098257
5328.843590769505,4741.062487488029
5328.84359876241,4741.0624209868565
5328.843604495712,4741.06236593231
5328.843611499059,4741.062303695889
5328.843618207647,4741.062242536206
5328.843624621472,4741.062182453263
5328.843630740537,4741.062123447057
5328.843636564841,4741.062065517591
5328.843642094384,4741.062008664863
5328.843647329166,4741.061952888875
5328.843652269186,4741.061898189624
5328.843656914447,4741.0618445671125
5328.843661264945,4741.06179202134
5328.843665320683,4741.061740552306
5328.843669091655,4741.061690104137
5328.843672612445,4741.061640483539
5328.843675885982,4741.061591674127
5328.843678912267,4741.061543675901
5328.843681691301,4741.061496488861
5328.843684223083,4741.061450113006
5328.843686507613,4741.061404548337
5328.843688544891,4741.061359794853
5328.8436903349175,4741.061315852556
5328.843691877692,4741.061272721444
5328.843693173215,4741.061230401518
5328.843694221486,4741.061188892777
5328.843695024422,4741.061148184039
5328.843695771828,4741.0611076537425
5328.843696280535,4741.0610678539515
5328.845696280536,4741.059067853951
5328.845696789243,4741.0590280541755
5328.845697536649,4741.058987523893
5328.845698339586,4741.058946815168
5328.845699387856,4741.058905306444
5328.845700683379,4741.058862986536
5328.845702226154,4741.058819855442
5328.845704016179,4741.058775913165
5328.845706053457,4741.058731159704
5328.845708337986,4741.058685595057
5328.8457108697685,4741.058639219226
5328.845713648801,4741.058592032211
5328.845716675086,4741.058544034011
5328.845719948623,4741.058495224627
5328.8457234694115,4741.058445604059
5328.845727240383,4741.05839515592
5328.845731296119,4741.058343686918
5328.845735646617,4741.05829114118
5328.845740291875,4741.058237518706
5328.845745231894,4741.0581828194945
5328.845750466675,4741.058127043547
5328.845755996215,4741.058070190862
5328.8457618205175,4741.058012261442
5328.845767939581,4741.057953255285
5328.845774353404,4741.057893172391
5328.845781061988,4741.057832012761
5328.845788065334,4741.057769776394
5328.845793798636,4741.057714721863
5328.845801791537,4741.05764822076
5328.845810085324,4741.057580610604
5328.845818685345,4741.057511863153
5328.845827596953,4741.0574419501645
5328.845836825499,4741.057370843396
5328.845846376334,4741.0572985146055
5328.845856254809,4741.057224935549
5328.845866466276,4741.057150077987
5328.845877016086,4741.057073913675
5328.84588790959,4741.056996414371
5328.845899152139,4741.056917551833
5328.845910749086,4741.056837297819
5328.845922723706,4741.056755537354
5328.845935106051,4741.056672122696
5328.845947904568,4741.056587010616
5328.8459611276285,4741.056500158263
5328.845974783602,4741.056411522787
5328.84598888086,4741.056321061341
5328.846003427773,4741.056228731073
5328.8460184327105,4741.056134489135
5328.846033904042,4741.056038292676
5328.84604985014,4741.055940098847
5328.846066279373,4741.055839864798
5328.846083200112,4741.055737547681
5328.846100620728,4741.055633104645
5328.84611854959,4741.055526492841
5328.846136995069,4741.055417669418
5328.846155965536,4741.055306591528
5328.84617546936,4741.055193216322
5328.846195514913,4741.055077500948
5328.846216110564,4741.054959402559
5328.846237264684,4741.054838878303
5328.846258985642,4741.054715885332
5328.846281281811,4741.054590380796
5328.846304161559,4741.054462321846
5328.846327633257,4741.054331665631
5328.846351705275,4741.054198369303
5328.8463763859845,4741.0540623900115
5328.8464016929665,4741.053923643943
5328.846427687099,4741.053781854754
5328.84645438929,4741.0536369238425
5328.84648181295,4741.053488785943
5328.8465099714895,4741.053337375788
5328.8465388783225,4741.053182628109
5328.84656854686,4741.053024477641
5328.846598990512,4741.052862859115
5328.846630222692,4741.052697707264
5328.8466622568085,4741.052528956821
5328.8466951062765,4741.05235654252
5328.846728784505,4741.052180399091
5328.846763304907,4741.05200046127
5328.846798680894,4741.0518166637885
5328.846834925876,4741.051628941378
5328.8468720532655,4741.051437228773
5328.846910076474,4741.051241460706
5328.846949008914,4741.051041571908
5328.846988863995,4741.050837497115
5328.8470296551295,4741.050629171057
5328.8470713957295,4741.050416528468
5328.847114099206,4741.050199504081
5328.8471577789705,4741.049978032628
5328.847202448435,4741.0497520488425
5328.84724812101,4741.049521487457
5328.847294810108,4741.049286283204
5328.847342529938,4741.0490463671
5328.847391377524,4741.048801283873
5328.847441429606,4741.048550672882
5328.847492709915,4741.048294420723
5328.847545242183,4741.048032413993
5328.84759905014,4741.047764539287
5328.847654157521,4741.0474906832005
5328.8477105880565,4741.047210732331
5328.847768365477,4741.046924573273
5328.847827513517,4741.046632092622
5328.847888055905,4741.046333176974
5328.847950016375,4741.046027712927
5328.848013418658,4741.0457155870745
5328.848078286487,4741.045396686012
5328.848144643593,4741.045070896338
5328.848212513707,4741.044738104645
5328.848281920562,4741.044398197532
5328.848352887889,4741.044051061593
5328.84842543942,4741.043696583424
5328.848499598887,4741.043334649622
5328.848575390022,4741.042965146781
5328.8486528365565,4741.042587961498
5328.848731962223,4741.0422029803685
5328.848812790751,4741.04181008999
5328.8488953458755,4741.041409176955
5328.848979651327,4741.041000127862
5328.849065730837,4741.040582829306
5328.849153667967,4741.040156886811
5328.849243672658,4741.039721312195
5328.849335798573,4741.039275851452
5328.849430087962,4741.038820304169
5328.849526583078,4741.038354469937
5328.849625326175,4741.037878148347
5328.849726359503,4741.037391138986
5328.849829725315,4741.036893241445
5328.849935465864,4741.036384255313
5328.850043623403,4741.035863980181
5328.850154240183,4741.035332215637
5328.850267358455,4741.034788761272
5328.8503830204745,4741.0342334166735
5328.850501268493,4741.033665981433
5328.850622144761,4741.03308625514
5328.850745691532,4741.032494037384
5328.850871951059,4741.031889127753
5328.851000965593,4741.031271325839
5328.851132777388,4741.0306404312305
5328.851267428694,4741.0299962435165
5328.851404961766,4741.029338562288
5328.851545418855,4741.028667187134
5328.851688842213,4741.027981917643
5328.851835274092,4741.027282553406
5328.851984756746,4741.026568894012
5328.852137332426,4741.025840739051
5328.8522930562885,4741.025097827395
5328.852452212741,4741.024338819229
5328.852614961726,4741.023562960372
5328.852781379796,4741.022769889027
5328.852951543502,4741.0219592434
5328.853125529394,4741.021130661694
5328.853303414022,4741.020283782115
5328.853485273939,4741.0194182428695
5328.853671185696,4741.0185336821605
5328.853861225842,4741.017629738193
5328.85405547093,4741.016706049173
5328.854253997509,4741.015762253304
5328.854456882132,4741.014797988792
5328.854664201348,4741.013812893842
5328.85487603171,4741.012806606659
5328.855092449767,4741.011778765446
5328.855313532071,4741.01072900841
5328.855539355173,4741.009656973755
5328.855769995624,4741.008562299686
5328.856005531663,4741.0074446164535
5328.8562462432255,4741.006302604091
5328.856492371212,4741.0051351265265
5328.8567440267325,4741.003941659154
5328.857001320896,4741.00272167737
5328.857264364813,4741.001474656566
5328.857533269593,4741.00020007214
5328.857808146344,4740.998897399485
5328.858089106176,4740.997566113996
5328.858376260199,4740.996205691068
5328.858669719522,4740.994815606096
5328.858969595256,4740.993395334475
5328.859275998509,4740.9919443516
5328.85958904039,4740.990462132865
5328.85990883201,4740.988948153665
5328.860235484477,4740.987401889395
5328.8605691089015,4740.98582281545
5328.860909816392,4740.984210407224
5328.86125771806,4740.982564140113
5328.861612925013,4740.98088348951
5328.861975749492,4740.979166983069
5328.862346608482,4740.977412654858
5328.862725672869,4740.975619698613
5328.863113112183,4740.973787314435
5328.863509095957,4740.971914702428
5328.8639137937225,4740.970001062694
5328.864327375012,4740.968045595334
5328.8647500093575,4740.966047500451
5328.865181866291,4740.964005978149
5328.8656231153445,4740.961920228527
5328.86607392605,4740.959789451688
5328.866534467939,4740.9576128477365
5328.867004910546,4740.955389616773
5328.8674854234,4740.9531189589
5328.867976176034,4740.950800074219
5328.86847737174,4740.948432003725
5328.868989569923,4740.946012109981
5328.869513101585,4740.943538832073
5328.870048200242,4740.941011068522
5328.870595099415,4740.938427717855
5328.871154032622,4740.935787678594
5328.871725233383,4740.933089849264
5328.872308935213,4740.93033312839
5328.872905371635,4740.927516414494
5328.873514776165,4740.9246386060995
5328.874137382323,4740.921698601733
5328.874773423628,4740.918695299916
5328.875423133598,4740.9156275991745
5328.876086745751,4740.912494398031
5328.876764493607,4740.909294595011
5328.877456610685,4740.906027088637
5328.8781635737105,4740.9026896310925
5328.878886154494,4740.899278583724
5328.879624692232,4740.895792346938
5328.880379512987,4740.892229383073
5328.88115094282,4740.888588154466
5328.881939307788,4740.884867123454
5328.882744933955,4740.881064752374
5328.88356814738,4740.877179503564
5328.884409274123,4740.873209839361
5328.885268640245,4740.869154222102
5328.886146571806,4740.865011114125
5328.887043394867,4740.860778977766
5328.887959435487,4740.8564562753645
5328.888895019728,4740.852041469255
5328.88985047365,4740.847533021777
5328.890826149183,4740.842929273323
5328.891822973302,4740.838225853852
5328.89284162521,4740.833419561163
5328.893882565977,4740.828508221241
5328.89494625667,4740.823489660068
5328.896033158357,4740.818361703628
5328.897143732105,4740.813122177907
5328.898278438983,4740.807768908886
5328.899437740058,4740.802299722551
5328.900622096398,4740.796712444884
5328.901831969073,4740.79100490187
5328.9030678191475,4740.785174919492
5328.904330128864,4740.779220223947
5328.90561990884,4740.773136050994
5328.9069379552275,4740.7669186472685
5328.908284854147,4740.760565249338
5328.9096611917175,4740.754073093766
5328.911067554062,4740.747439417123
5328.912504527303,4740.740661455972
5328.913972697559,4740.733736446881
5328.915472650953,4740.726661626416
5328.917004973605,4740.719434231144
5328.918570251637,4740.71205149763
5328.92016907117,4740.70451066244
5328.921802043936,4740.696808841437
5328.923470504446,4740.6889397439645
5328.925175512558,4740.68089837384
5328.926917827007,4740.672681154078
5328.928698206531,4740.664284507692
5328.930517409868,4740.655704857693
5328.932376195756,4740.6469386270965
5328.93427532293,4740.637982238914
5328.936215550129,4740.628832116161
5328.938197636091,4740.619484681848
5328.940222339553,4740.609936358989
5328.942290419251,4740.600183570598
5328.944402658277,4740.590222624914
5328.946560633373,4740.580046089944
5328.9487656717165,4740.56964770982
5328.9510187625865,4740.559022821076
5328.953320895265,4740.5481667602435
5328.955673059033,4740.537074863854
5328.95807624317,4740.525742468442
5328.960531436957,4740.51416491054
5328.963039629675,4740.502337526678
5328.965601810605,4740.490255653392
5328.968219048593,4740.477914252289
5328.970893217687,4740.465304490728
5328.973625726767,4740.452419728036
5328.976417785049,4740.43925426437
5328.979270601751,4740.425802399888
5328.9821853860885,4740.412058434746
5328.98516334728,4740.398016669101
5328.9882056945435,4740.383671403111
5328.991313637094,4740.369016936933
5328.994488384151,4740.354047570723
5328.997731365188,4740.338756566868
5329.001044984257,4740.323132595945
5329.004430870074,4740.3071679815885
5329.007890515615,4740.290855687008
5329.0114254138525,4740.274188675415
5329.015037057759,4740.257159910017
5329.0187269403095,4740.2397623540255
5329.022496554477,4740.221988970648
5329.026347393234,4740.203832723098
5329.030280949554,4740.1852865745805
5329.034309391877,4740.166293197575
5329.038411452447,4740.146952778142
5329.04260420986,4740.127184857631
5329.0468892364415,4740.106982025436
5329.051268140184,4740.086336702931
5329.055742564746,4740.0652411434685
5329.060314189452,4740.043687432381
5329.0649847292925,4740.0216674869835
5329.0697559349255,4739.999173056566
5329.074629592676,4739.976195722404
5329.079608093183,4739.9527242195945
5329.0846943581355,4739.928744782128
5329.089890692229,4739.904246549795
5329.095199462025,4739.87921837096
5329.100623102691,4739.853648770852
5329.106164117995,4739.827525951558
5329.111825080306,4739.800837792031
5329.117608630598,4739.773571848085
5329.123517478447,4739.745715352395
5329.12955440203,4739.717255214497
5329.1357222481165,4739.688178020853
5329.1420237880075,4739.658470715165
5329.148461816049,4739.6281201331685
5329.155039303868,4739.597112274206
5329.16175928516,4739.565432845325
5329.168624855696,4739.533067261272
5329.17563917332,4739.5000006445
5329.182805457944,4739.466217825162
5329.190126991554,4739.431703341115
5329.197607118212,4739.39644143792
5329.205249244045,4739.360416068838
5329.213056839232,4739.323610885577
5329.2210336099715,4739.2860084319445
5329.229183317327,4739.247590993248
5329.237509698393,4739.208340965909
5329.246016558948,4739.168240423062
5329.254707773452,4739.127271114559
5329.263587285042,4739.085414466967
5329.272659105542,4739.04265158357
5329.281927315449,4738.998963244363
5329.29139606395,4738.9543299060615
5329.301069568905,4738.908731702092
5329.310952138011,4738.862148343243
5329.321048703553,4738.814556605361
5329.331364116159,4738.765933647298
5329.341903108879,4738.716257179673
5329.352670502491,4738.665504500322
5329.363671205505,4738.613652494294
5329.374910214164,4738.560677633861
5329.386392612441,4738.506555978509
5329.398123572043,4738.451263174941
5329.410108352404,4738.39477445708
5329.422352300694,4738.33706464606
5329.434858639299,4738.278118532379
5329.447639070458,4738.217881114005
5329.460696189346,4738.156340122391
5329.474036069806,4738.093466964352
5329.487664878323,4738.029232610884
5329.501588876111,4737.963607587354
5329.515814421208,4737.896561963682
5329.530347970569,4737.828065344528
5329.545196082151,4737.758086859478
5329.5603654170145,4737.686595153224
5329.575862741405,4737.613558375755
5329.591695032014,4737.538943689134
5329.607870110231,4737.462714295391
5329.624395516698,4737.384834710286
5329.641278816154,4737.305269334824
5329.658527731253,4737.223981828163
5329.676150146682,4737.140935088312
5329.694154113278,4737.056091232815
5329.712547852149,4736.9694115794455
5329.731339758788,4736.880856626906
5329.750538407187,4736.790386035515
5329.770152553965,4736.697958607901
5329.7901911424715,4736.603532269694
5329.810663310339,4736.5070640344165
5329.831578527963,4736.408509363888
5329.8529464443645,4736.307822879472
5329.874776861697,4736.204958479479
5329.897079797965,4736.099869049309
5329.919865491557,4735.992506440239
5329.943144405783,4735.8828214482
5329.966927233395,4735.77076379256
5329.991224901127,4735.656282094903
5330.0160485742235,4735.539323857814
5330.041409660971,4735.419835443657
5330.067319817229,4735.297762053354
5330.093790950964,4735.173047705171
5330.1208352000385,4735.045635351954
5330.14846494176,4734.915466833978
5330.176692846552,4734.782482603198
5330.205531852714,4734.646621856248
5330.234995170614,4734.507822514938
5330.265096287102,4734.366021205684
5330.295848969912,4734.221153238946
5330.327267272064,4734.073152588658
5330.359365536275,4733.921951871666
5330.39215839936,4733.767482327163
5330.42566079664,4733.609673796116
5330.459887966347,4733.4484547007105
5330.494855581592,4733.283751436617
5330.5305800314545,4733.11548707888
5330.567077724131,4732.943584589164
5330.604365378175,4732.767965474918
5330.642460063359,4732.588549601005
5330.681379206322,4732.4052551634
5330.721140596233,4732.217998662873
5330.761762390436,4732.026694878675
5330.803263120109,4731.8312568422325
5330.845661695912,4731.631595810832
5330.88897741365,4731.427621241307
5330.933229959917,4731.2192407637285
5330.978439474978,4731.006359893217
5331.024627127292,4730.788879400196
5331.07181422203,4730.5666993898
5331.120022365153,4730.339718550572
5331.1692736173845,4730.107833449324
5331.219590501591,4729.870938496964
5331.270996010146,4729.628925914318
5331.32351361231,4729.3816856979565
5331.3771672615985,4729.129105586022
5331.431981403152,4728.871071024046
5331.487980981113,4728.607465130781
5331.545191445991,4728.338168664019
5331.6036387670865,4728.063059963593
5331.66335007338,4727.782012050497
5331.724353054034,4727.494895338813
5331.786675615446,4727.2015791867425
5331.850346250554,4726.901930224695
5331.915394048309,4726.595812311564
5331.981848703168,4726.283086490994
5332.0497405245715,4725.963610947648
5332.119100446431,4725.6372409634805
5332.189960036608,4725.303828874009
5332.262351506403,4724.963224024578
5332.336307720034,4724.6152727266335
5332.411862204122,4724.259818213992
5332.489049642611,4723.896698427229
5332.567906056436,4723.525745208513
5332.648467495075,4723.146790154441
5332.730770746738,4722.7596614372615
5332.814853369224,4722.364183665545
5332.900753702212,4721.96017782787
5332.988510879563,4721.547461236496
5333.078164841618,4721.125847471043
5333.169756347491,4720.695146322175
5333.263326987372,4720.2551637352735
5333.358919194821,4719.80570175412
5333.456576259068,4719.34655846457
5333.556342550817,4718.877526999
5333.658264339058,4718.398391940822
5333.7623882295175,4717.908936191711
5333.868761699886,4717.408938614842
5333.977433235771,4716.898173434595
5334.088452348184,4716.376410157425
5334.201869591019,4715.843413492722
5334.317736578543,4715.29894327367
5334.436106002874,4714.742754378117
5334.557031651471,4714.174596649429
5334.680568543359,4713.5942143156835
5334.806773307431,4713.001344386089
5334.935703440347,4712.3957197810605
5335.067417597787,4711.777068096403
5335.2019756621075,4711.145111312212
5335.33943876233,4710.499565703154
5335.479869294133,4709.840141748752
5335.623330939831,4709.166544043668
5335.7698886883745,4708.4784712079845
5335.919608855329,4707.775615797489
5336.072559377484,4707.057663060663
5336.228810498976,4706.32428805141
5336.388433265356,4705.5751619477005
5336.551500133913,4704.809949482665
5336.718085077634,4704.028308502172
5336.888263610278,4703.229889853815
5337.062112811426,4702.4143372758945
5337.239711351545,4701.581287286406
5337.421139517047,4700.73036907202
5337.606479235345,4699.861204377071
5337.795814443384,4698.973406000811
5337.989231766783,4698.066575035968
5338.186818887891,4697.140307472039
5338.388665253798,4696.194191316917
5338.594862176512,4695.227806181482
5338.805502863615,4694.240723145912
5339.020682448926,4693.2325046259775
5339.24049802315,4692.202704239352
5339.465048664544,4691.150866671906
5339.69443546957,4690.076527544019
5339.92876203954,4688.979211518922
5340.168135175434,4687.85842960852
5340.412663002011,4686.713686389888
5340.662455831332,4685.544476660679
5340.917626263544,4684.350285035065
5341.17828922414,4683.1305857845855
5341.444562001222,4681.884842678988
5341.716564282761,4680.6125088270755
5341.994418193857,4679.313026517553
5342.278248334001,4677.985827059871
5342.568182437053,4676.630328356088
5342.86435207366,4675.245932318146
5343.166890439582,4673.832032903021
5343.475933430846,4672.388012171875
5343.791619746835,4670.913239891017
5344.114090935614,4669.407073343379
5344.443491439252,4667.868857139985
5344.779968639145,4666.297923031422
5345.123672901338,4664.693589719308
5345.474757621848,4663.055162667765
5345.833380084503,4661.381931206933
5346.199702098277,4659.673166371408
5346.573887520895,4657.92812911605
5346.956103531713,4656.146066036266
5347.346520734374,4654.326208988408
5347.745313211584,4652.467774869728
5348.152658579893,4650.569965398334
5348.568738044469,4648.631966893151
5348.993736453881,4646.6529500538745
5349.427842354874,4644.63206974093
5349.87124909347,4642.56846169931
5350.324155319243,4640.461241025635
5350.786762269452,4638.3095100406545
5351.259275246683,4636.112353913298
5351.741903721108,4633.868840301926
5352.234861396269,4631.578019102162
5352.738366274847,4629.238922194722
5353.252640724449,4626.850563193244
5353.77791154338,4624.4119371921115
5354.314410026423,4621.922020514293
5354.862373347334,4619.379767362191
5355.422044841262,4616.784109055934
5355.993671124961,4614.133960709265
5356.577503761706,4611.428217216168
5357.1737993639,4608.665752912047
5357.782819671419,4605.845421292006
5358.404831629949,4602.966054729145
5359.040107469323,4600.026464192841
5359.688924781862,4597.025438967029
5360.3515666007115,4593.961746368497
5361.028323078577,4590.834129028554
5361.719491451061,4587.641304786406
5362.425373131011,4584.381970950587
5363.146275507158,4581.054801398075
5363.882512049108,4577.658446252006
5364.634402399593,4574.191531578767
5365.402272466717,4570.65265908512
5366.186454516207,4567.040405815292
5366.987287263662,4563.353323848095
5367.805115966802,4559.589939994028
5368.6402943717585,4555.74875505341
5369.493184279118,4551.828243638068
5370.364152808158,4547.826854538036
5371.253574234236,4543.743010005466
5372.1618300998,4539.57510544729
5373.089309321366,4535.321509118845
5374.036408296517,4530.980561817484
5375.003531010879,4526.550576576198
5375.991089145114,4522.029838357233
5376.999502181906,4517.416603745705
5378.0291994984855,4512.709104608094
5379.08061953084,4507.905545903245
5380.1542074679755,4503.004100558091
5381.250416974045,4498.002912386481
5382.369710309915,4492.900095811934
5383.512558454642,4487.693735590182
5384.6794412269455,4482.381886531706
5385.870847406676,4476.962573224286
5387.087274856291,4471.433789755537
5388.329230643426,4465.7934994424
5389.597232518209,4460.039643100366
5390.891808408286,4454.170134817166
5392.213495227518,4448.1828534000715
5393.562839874763,4442.075647628666
5394.940399378288,4435.846336122002
5396.3467410401845,4429.492707205755
5397.78244258078,4423.012518779376
5399.248092015302,4416.403501140126
5400.744287577688,4409.663359286396
5402.271638623079,4402.789764413096
5403.830765419308,4395.780357676337
5405.422299271753,4388.6327502765225
5407.046882660225,4381.344523408681
5408.705169375842,4373.913228212807
5410.397824737413,4366.336388857329
5412.1255260273165,4358.611514273139
5413.888962157541,4350.736079547847
5415.68883395271,4342.707531635849
5417.525854325299,4334.523290819321
5419.400748420661,4326.180750979788
5421.314253469015,4317.677282599261
5423.267118562981,4309.010236454866
5425.260105690772,4300.176935617587
5427.293989498385,4291.174679289894
5429.369557400722,4282.000743393036
5431.487609710187,4272.652380991828
5433.648959408946,4263.126832528172
5435.8544322994085,4253.421325643229
5438.104867599226,4243.5330627622225
5440.401117805349,4233.459228801245
5442.744048810086,4223.196991936809
5445.134539995937,4212.743504676993
5447.573483266181,4202.095920132742
5450.061783970919,4191.251381217197
5452.600361434345,4180.207015540549
5455.190148653303,4168.959942141033
5457.832092385568,4157.507272649662
5460.527153097308,4145.846114220504
5463.276303371736,4133.9735917548705
5466.080529897206,4121.886825245858
5468.940833416045,4109.582932691641
5471.858228434236,4097.059036006997
5474.833743270097,4084.3122626845693
5477.868419719962,4071.3397515731012
5480.963311246006,4058.138674541028
5484.119485379309,4044.7062128303614
5487.338023128715,4031.039565595408
5490.620018764525,4017.1359544124
5493.966579218935,4002.992630240733
5497.378823654178,3988.606879076461
5500.857884529086,3973.9760159211087
5504.404907034299,3959.0973914718047
5508.021048951316,3943.9683955456876
5511.707478651621,3928.586476348121
5515.4653763021,3912.9491324365354
5519.2959343131115,3897.053911133635
5523.200356631952,3880.8984167732638
5527.179858147053,3864.480317322353
5531.235662292679,3847.7973634831014
5535.369003652214,3830.847373128154
5539.581127072414,3813.628239933497
5543.873287171585,3796.1379392792956
5548.2467466576145,3778.374541190429
5552.702774931357,3760.336221542336
5557.24265074486,3742.0212486164432
5561.867660555346,3723.4279958221546
5566.579097719766,3704.5549488713787
5571.37826061994,3685.4007182697187
5576.266451319928,3665.9640491496107
5581.244978723897,3646.2438086269117
5586.315156153502,3626.239001027752
5591.478300107576,3605.9487762044796
5596.735725731831,3585.3724500790854
5602.088751799321,3564.509489987229
5607.538698589395,3543.3595263715238
5613.0868866062365,3521.922361402228
5618.734635734403,3500.197976016917
5624.483264260675,3478.1865372243874
5630.334083783725,3455.88840839294
5636.288401202209,3433.3041548718197
5642.347519033959,3410.434550926504
5648.512732698753,3387.2805889229044
5654.785329164161,3363.843487752371
5661.166585531049,3340.124701470809
5667.657768666332,3316.1259148787494
5674.260137913597,3291.849002417961
5680.974934817012,3267.296141951238
5687.803388344832,3242.4697361783396
5694.746710407386,3217.3724598746694
5701.806095527599,3192.0072480316257
5708.982719125635,3166.377305061077
5716.277735948394,3140.4861091456455
5723.692278455032,3114.3374167262427
5731.227455280843,3087.9352661893377
5738.8843495427645,3061.283981767168
5746.664017194062,3034.3881761280277
5754.56748533499,3007.252753182213
5762.595750506612,2979.882910000262
5770.7497769693955,2952.284137875263
5779.030494985152,2924.462223720066
5787.438799059338,2896.4232491990315
5795.975546214965,2868.1735904668863
5804.6415542398545,2839.7199149667736
5813.437599968546,2811.0691853579688
5822.364417522005,2782.2286568081445
5831.422696647349,2753.205864566349
5840.613080938651,2724.0086212627557
5849.936166009251,2694.645016903133
5859.392497855074,2665.123409644919
5868.982571960301,2635.452423052273
5878.70683093625,2605.640933815755
5888.565662955501,2575.6980631179576
5898.559400544951,2545.633168549458
5908.688319539142,2515.4558355852905
5918.952636916388,2485.175863453849
5929.35250964178,2454.8032541591024
5939.8880339839725,2424.348199752322
5950.559244058911,2393.8210686332695
5961.366110376785,2363.232391006105
5972.308539014449,2332.5928439488
5983.38637134294,2301.91323773166
5994.599382458866,2271.2044970520874
6005.947280484996,2240.477644011079
6017.429706240013,2209.7437826890323
6029.046233001876,2179.014083361238
6040.796365437162,2148.2997593452096
6052.6795394713245,2117.612049544302
6064.695122612313,2086.962206426779
6076.842413497567,2056.3614720520213
6089.120641713257,2025.8210558710257
6101.528968018728,1995.35211612677
6114.066485238874,1964.9657529646222
6126.732218373947,1934.6729835209082
6139.525124771278,1904.4847157835325
6152.444094932624,1874.4117326891856
6165.487953426121,1844.4646853085567
6178.655459720391,1814.6540724988563
6191.945309032099,1784.990213419721
6205.356133491961,1755.4832342965017
6218.886503280173,1726.1430623715426
6232.5349279306365,1696.979411960832
6246.299857844349,1668.001756542116
6260.179685795105,1639.2193195383206
6274.172748258367,1610.6410683731192
6288.27732692156,1582.275707122865
6302.491650996212,1554.1316515723217
6316.81389891407,1526.2170236810457
6331.242199890827,1498.5396464771648
6345.774635430603,1471.1070414698152
6360.409242350746,1443.926410033277
6375.144014595415,1417.0046308638352
6389.976905022799,1390.3482565735587
6404.905826787927,1363.9635135659814
6419.928656881389,1337.8562920778718
6435.043238018195,1312.0321459693253
6450.2473805916,1286.496291695877
6465.538863896355,1261.2536087364972
6480.915439922468,1236.3086388833983
6496.374835291716,1211.6655880264855
6511.914753296952,1187.3283277874716
6527.532875001191,1163.300395463482
6543.226862996926,1139.5850014271036
6558.994363372084,1116.1850328863218
6574.833007741911,1093.1030580153247
6590.740414281634,1070.3413252652479
6606.714191208877,1047.9017765744143
6622.751938747869,1025.7860532170048
6638.851251067375,1003.9955019172697
6655.009717302047,982.5311740024513
6671.224924588953,961.3938416913048
6687.494459982704,940.5840060640585
6703.815912231452,920.1019044723953
6720.186872816983,899.9475102396914
6736.6049384644175,880.1205495389274
6753.067712946648,860.6205112834581
6769.572808660391,841.4466552301287
6786.117847655116,822.5980123984923
6802.700463669195,804.0734015412927
6819.318303704479,785.8714397080704
6835.969029395587,767.9905506815207
6852.650318111573,750.4289685425167
6869.359864367317,733.1847490067902
6886.0953811498,716.2557802673884
6902.854601015145,699.6397901703789
6919.63527746423,683.3343577481164
6936.43518582805,667.3369197308897
6953.252124213474,651.6447782446561
6970.083914486918,636.2551094544456
6986.928403348354,621.1649740976678
7003.783462981882,606.3713229483795
7020.64699180485,591.8710041420017
7037.516915224147,577.6607711157202
7054.391186596376,563.7372937471786
7071.267787553826,550.0971615559745
7088.144728612364,536.7368910925613
7105.020049732377,523.6529331290051
7121.891820882706,510.84168029204903
7138.758142369712,498.2994719577877
7155.617145245501,486.02260055135764
7172.4669916581515,474.0073175810803
7189.305875164021,462.2498397689369
7206.132020963769,450.74635363398534
7222.943686122701,439.4930208005047
7239.7391597700735,428.4859831605445
7256.516763274189,417.7213679547289
7273.274850306288,407.1952916038876
7290.011806936389,396.90386417667264
7306.726051673348,386.8431936521961
7323.416035472131,377.0093899005925
7340.08024173184,367.3985680131367
7356.717186242333,358.00685186302513
7373.325417129335,348.83037776540436
7389.903514754034,339.8652974186207
7406.450091580963,331.1077804187081
7422.963792039292,322.55401709071384
7439.443292355576,314.20022097695215
7455.887300427672,306.04263269591775
7472.294555570029,298.0775210826438
7488.663828257496,290.30118467237406
7504.993919884516,282.7099539331891
7521.283662505619,275.30019305868973
7537.531918833421,268.0683037751912
7553.7375816635185,261.0107246514787
7569.899573543292,254.1239323163562
7586.0168464793005,247.4044429748533
7602.088381634946,240.8488136782848
7618.113189400924,234.45364547920053
7634.090308651833,228.21558228405465
7650.01880644726,222.1313119645412
7665.897777704161,216.19756727533272
7681.72634478716,210.41112633877503
7697.503657155586,204.7688132378758
7713.228890951578,199.2674983312992
7728.901248675598,193.90409897484642
7744.519959019239,188.67558103789895
7760.084276164102,183.57895746548323
7775.593479473611,178.61128891942084
7791.0468731281135,173.76968412888957
7806.443785764318,169.05130025551833
7821.783569995102,164.45334229920712
7837.065602022717,159.97306318187395
7852.289281289191,155.607764006595
7867.454030107638,151.35479414404566
7882.559293154949,147.21155035382986
7897.60453710056,143.17547676351163
7912.589250267744,139.24406501917844
7927.512942232708,135.41485397740107
7942.375143357965,131.68542891468712
7957.175404420034,128.05342132050748
7971.913296263016,124.51650889752149
7986.588409385486,121.07241497883606
8001.200353519447,117.71890783631474
8015.748757255298,114.45380031612288
8030.2332677110335,111.27494976109985
8044.6535501159005,108.18025723575799
8059.009287416239,105.1676668765184
8073.300179912714,102.23516544211333
8087.525944930265,99.38078211572828
8101.686316417094,96.60258764249845
8115.781044578076,93.8986937209043
8129.809895524153,91.26725249097154
8143.772650949748,88.70645624135362
8157.669107750661,86.21453651036589
8171.499077680718,83.7897635022794
8185.262387017249,81.43044554476359
8198.95887624692,79.13492871020911
8212.588399707702,76.90159592809911
8226.15082526646,74.72886641701366
8239.646034001831,72.61519513115589
8253.073919899776,70.55907230780701
8266.434389522587,68.55902262467318
8279.72736170549,66.61360464070654
8292.95276725229,64.72141024821677
8306.110548669809,62.881064156793975
8319.200659812463,61.09122312682684
8332.223065645623,59.350575403208786
8345.177741946072,57.6578402174073
8358.064675027876,56.01176721988442
8370.883861455231,54.41113569716469
8383.63530777067,52.85475404298843
8396.319030231438,51.34145920019517
8408.935054649179,49.870116488636924
8421.483415994913,48.43961855521606
8433.964158139053,47.04888482893471
8446.377333596869,45.69686099646367
8458.723003427584,44.382518663928465
8471.001237088405,43.10485495295984
8483.212111911507,41.862891546355634
8495.355712972978,40.655674304537406
8507.432132982593,39.482272884229246
8519.44147195926,38.341780090612914
8531.383836967705,37.233311305579186
8543.259341967485,36.15600407726204
8555.06810779109,35.10901792701099
8566.810261671932,34.09153343154561
8578.485937091426,33.10275181897525
8590.095273702296,32.14189470366038
8601.638417145641,31.208203638232007
8613.115518705494,30.300939383503547
8624.52673518301,29.419381561406183
8635.872228882878,28.56282852494639
8647.152167278353,27.730596629428934
8658.366722811903,26.92201975631251
8669.516072797554,26.13644903359282
8680.600399364004,25.373252639954543
8691.619889117068,24.631815054095036
8702.574732995876,23.91153668708246
8713.465126234285,23.211833732744203
8724.291268198245,22.53213776380742
8735.05336215891,21.87189519516991
8745.751615193962,21.230567012006233
8756.386238034424,20.60762839886859
8766.957444951136,20.00256843007899
8777.465453639375,19.414889761545027
8787.91048508579,18.84410829391797
8798.29276334158,18.289752655536567
8808.612515505298,17.751364087119814
8818.869971596863,17.228496119512435
8829.065364422566,16.720714236474603
8839.198929426948,16.22759551639033
8849.27090462736,15.748728424755072
8859.281530493976,15.283712509577727
8869.231049837408,14.83215811194827
8879.1197077,14.393686084710135
8888.94775126681,13.967927548009317
8898.715429763826,13.554523623288171
8908.422994355835,13.153125168000885
8918.070698054076,12.763392529499717
8927.658795630674,12.384995312632435
8937.18754352785,12.017612139263907
8946.657199764417,11.660930404377188
8956.068023856875,11.31464605993975
8965.420276738794,10.97846339705751
8974.714220679181,10.652094827454473
8983.95011919606,10.335260655595803
8993.128236990546,10.027688893759942
9002.248839871902,9.72911505941564
9011.312194685204,9.43928197876952
9020.318569238854,9.157939590367693
9029.26823222804,8.884844740447079
9038.161453179333,8.619761025245637
9046.99850238148,8.362458603654579
9055.779650820823,8.112714020619496
9064.505170124881,7.8703100465047955
9073.175332506973,7.63503551939252
9081.790410695958,7.406685162297171
9090.350677883991,7.185059433416669
9098.856407670912,6.969964371614809
9107.307874016651,6.761211456159106
9115.705351187527,6.558617457924956
9124.049113701029,6.3620042894058955
9132.339436279055,6.171198869700608
9140.576593800153,5.986032989057075
9148.760861256067,5.806343181851976
9156.892513704517,5.631970594277609
9164.971826224966,5.462760858137738
9172.999073876774,5.298563969696876
9180.97453165816,5.139234171048092
9188.898474467944,4.984629837908068
9196.771177064977,4.834613362849998
9204.592914030794,4.689051045944577
9212.363959733306,4.547812988053037
9220.084588291582,4.410772986672487
9227.755073542114,4.277808434927597
9235.3756890047,4.148800221553454
9242.94670785041,4.023632634629631
9250.468402870274,3.90219326749729
9257.941046445649,3.784372928719228
9265.364910519478,3.6700655543638345
9272.740266566469,3.559168118030456
9280.067385566153,3.4515805476573185
9287.346537976216,3.3472056432136226
9294.577993707764,3.245948998876643
9301.762022099996,3.147718924264461
9308.898891895324,3.0524263667770963
9315.988871216427,2.9599848386108163
9323.03222754364,2.87031034463987
9330.02922769345,2.783321313098718
9336.980137799945,2.69893853306299
9343.885223291394,2.6170850811851554
9350.74474887125,2.5376862585241033
9357.558978499448,2.4606695283137228
9364.328175374072,2.385964454684827
9371.052601914906,2.3135026460268415
9377.732519746854,2.243217698107422
9384.368189681636,2.1750451331008285
9390.959871702902,2.1089223469568497
9397.507824951022,2.0447885560155634
9404.012307708577,1.9825847453911687
9410.473577388313,1.9222536234381706
9416.891890517662,1.8637395678624504
9423.267502725797,1.806988578107113
9429.600668731533,1.7519482297844924
9435.891642331319,1.6985676294250784
9442.140676388486,1.646797372367685
9448.348022823317,1.5965895027175294
9454.513932600394,1.547897466499335
9460.63865571938,1.5006760733893765
9466.722441205395,1.4548814575069393
9472.76553709982,1.4104710392508393
9478.768190452976,1.3674034918245972
9484.730647314695,1.3256387025477672
9490.65315272596,1.285137736793876
9496.535950711705,1.245862804873514
9502.379284273562,1.2077772288020405
9508.183395383378,1.1708454109950495
9513.948524977926,1.135032806076065
9519.674912950943,1.100305885739642
9525.362798147882,1.0666321106309784
9531.012418360508,1.033979901762427
9536.624010321693,1.0023186124795003
9542.197809701556,0.971618503845885
9547.734051102572,0.9418507173630839
9553.232968054572,0.9129872474369684
9558.694793011211,0.8850009175579582
9564.119757346245,0.8578653560145266
9569.508091350244,0.8315549727264606
9574.860024228507,0.8060449391640702
9580.175784096837,0.7813111627044147
9585.455597979137,0.7573302657321581
9590.699691805099,0.7340795649455495
9595.908290407997,0.7115370508937571
9601.081617523285,0.6896813696844516
9606.21989578707,0.6684918042525925
9611.323346733632,0.6479482532193023
9616.392190794546,0.6280312138748771
9621.426647297547,0.608721764501732
9626.426934465655,0.5900015473473239
9631.3932694173,0.5718527542026737
9636.325868164922,0.5542581080329736
9641.224945614635,0.53720084732636
9646.090715566166,0.5206647112172111
9650.923390712825,0.5046339246163026
9655.723182641943,0.4890931846094577
